,logFC,logCPM,F,PValue,FDR
Tek,-1.774616718,8.228041105,240.1129085,1.43E-10,6.56E-07
Col8a1,1.470007019,7.726462436,153.7598489,3.13E-09,3.34E-06
Fgf2,-1.256845097,4.966409452,124.522503,1.30E-08,6.78E-06
Inhbb,1.682622594,5.382646948,120.9979797,1.57E-08,7.37E-06
Adm,-1.007211857,5.760566746,103.65835,4.36E-08,1.33E-05
Col20a1,-2.449656231,4.429603381,95.87029282,7.25E-08,1.84E-05
Cd55,-1.22460204,7.485746304,92.82819104,8.93E-08,2.10E-05
Tnc,1.486539697,8.212616092,88.29843946,1.23E-07,2.59E-05
Cxcl13,-2.339502797,3.757782813,87.27377719,1.33E-07,2.76E-05
Spp1,1.6744099,7.578614481,86.45990333,1.41E-07,2.87E-05
Dpp4,-1.624352414,6.969061184,78.0726036,2.70E-07,4.01E-05
Il1r2,-2.096895788,4.494889622,76.10871058,3.17E-07,4.46E-05
Fgf10,-1.975678028,4.390049087,75.22916811,3.40E-07,4.65E-05
Vegfa,-1.00003273,6.287233853,74.96896574,3.48E-07,4.68E-05
Col11a1,1.362288677,4.465528411,71.37702552,4.73E-07,5.85E-05
Tgfa,-3.502773117,3.196147115,65.75156996,7.85E-07,8.69E-05
Cx3cl1,1.209738396,5.512347911,64.07956518,9.19E-07,9.61E-05
Sema3c,-1.33853973,8.01897842,63.42907902,9.78E-07,0.000100026
Bmp6,-1.032040115,5.96765796,57.59779189,1.75E-06,0.000150536
Ccl11,-0.816599221,8.093650105,57.01185889,1.86E-06,0.000157082
Sema3f,1.283530221,6.81511456,54.82352509,2.35E-06,0.0001861
Il6ra,-1.038038749,4.797617891,54.13066601,2.53E-06,0.000195776
Bmp4,-0.809308019,4.890915836,51.33769152,3.46E-06,0.000248058
Il17ra,-0.875478462,7.013580206,48.49421223,4.82E-06,0.00031984
Tgfb2,-0.598594433,6.227751783,46.92675115,5.83E-06,0.000366569
Ntf3,-1.699319671,3.791797867,46.23525409,6.34E-06,0.000388439
Col18a1,1.113560242,9.737457495,45.09800084,7.31E-06,0.000433269
Anxa1,-0.639932272,9.715323287,44.79201854,7.60E-06,0.000441768
Timp1,1.407200875,7.927980723,44.45602079,7.93E-06,0.00045385
Nrp2,0.697631887,7.821291402,42.19187691,1.06E-05,0.000558684
Il6,-0.768145463,8.763048501,40.88191853,1.27E-05,0.000643387
Tgfb3,0.506879276,6.091918567,40.85311648,1.27E-05,0.000643387
Bmp2,-0.941601036,4.222059213,40.37658388,1.36E-05,0.000675081
Fgf18,-1.055019065,3.638761611,37.05762668,2.18E-05,0.000942316
Rarres2,-0.883604161,6.866884559,36.90692621,2.23E-05,0.000956754
Vegfc,0.640943463,5.098293415,35.98163094,2.55E-05,0.001059209
Tgfb1,0.571069381,6.319356673,35.67863098,2.67E-05,0.001101446
Cxcl10,-1.284751753,6.482484087,35.53454066,2.73E-05,0.001120559
Cxcl5,1.64708616,6.055705948,35.47806039,2.75E-05,0.001127622
Cxcl9,-1.202170773,6.242727563,34.5689433,3.16E-05,0.001253156
Flt1,1.109940812,9.126715742,34.53336669,3.18E-05,0.001257315
Cxcl12,0.713396211,10.42004675,33.07504168,3.99E-05,0.001468353
Col12a1,1.25088089,7.990011532,32.63623493,4.28E-05,0.001559201
Ccl9,0.698259809,5.759770985,32.02801997,4.72E-05,0.001670228
Pdgfd,-0.708207863,6.126146795,32.00279551,4.74E-05,0.001673858
Col15a1,0.584838615,10.49628375,28.661593,8.34E-05,0.002523851
Fgf23,-1.716399677,2.4928167,27.92126291,9.51E-05,0.002790967
Mdk,0.974995908,5.116853934,27.55125413,0.000101644,0.002898961
Angpt2,0.696529015,6.351172862,26.82527454,0.000116001,0.003179784
Penk,-1.344511906,4.071427201,26.29717457,0.000127898,0.003394116
Tslp,-1.414887718,2.135466747,26.18425753,0.000130618,0.0034513
Col4a5,-0.920684296,5.624041843,25.74063199,0.000141961,0.003661201
Il34,0.869279609,5.017780329,25.57174085,0.000146571,0.003745118
Adgre5,0.482059293,6.681038866,24.7538286,0.000171445,0.004219537
Eda,-0.762165063,3.807836708,24.01637912,0.000198054,0.004740616
Kitl,-0.470487509,7.868153398,22.61608195,0.000262593,0.005926558
Flt4,1.34506915,7.400761815,21.69716209,0.000317926,0.006799918
Hc,1.819329825,3.841196941,21.64548993,0.000321411,0.006851401
Il18,-1.454336585,2.948025158,20.90337151,0.000376582,0.007756575
Pdgfa,0.782949503,4.765904439,20.7725992,0.000387383,0.007934409
Pgf,-1.058086582,3.475319771,20.17014814,0.000441916,0.008776489
Ccl4,-3.01420891,3.141489855,19.87963117,0.000471301,0.009210233
Ogn,-0.738103559,8.559095994,19.70283322,0.00049027,0.009449816
,1.621245532,1.800721238,19.6599327,0.000495002,0.009499357
Vtn,-0.632674639,6.087577938,18.92383877,0.000584888,0.010785389
Ngf,-1.052579672,3.289280569,18.90616749,0.000587264,0.010807428
Efna1,0.599459076,6.360497783,18.36940173,0.000664936,0.011752551
Wnt11,-1.116833374,4.435452865,17.81154659,0.000758309,0.012976999
Clcf1,0.699709175,3.611340927,17.34419892,0.000848138,0.014049087
Fgfr3,1.773164262,4.718439768,17.30250255,0.000856725,0.014145616
Gas6,0.355572548,9.09168523,16.87940769,0.00094969,0.015227476
Inhba,0.845504083,3.676685228,16.45719547,0.001054088,0.016581965
Ereg,1.266291867,2.55706386,16.45299511,0.00105519,0.016585057
Col1a1,0.888902087,14.10531719,15.95749884,0.001194945,0.018173285
Nampt,-0.393085459,6.571410822,15.90650706,0.001210487,0.018333527
Vwf,1.262939814,9.051204632,15.78142378,0.001249599,0.018739886
Col11a2,1.152844505,3.154297295,14.83130208,0.001598539,0.022174891
Col1a2,0.770982377,14.06272282,14.54289365,0.001725566,0.023175481
Mif,0.616077964,4.921226537,14.53388212,0.001729716,0.023186556
Ager,1.367719722,1.728268574,14.46175877,0.001763348,0.023465605
Col8a2,1.451939429,4.452070502,14.42347328,0.001781504,0.023621376
Col4a3,-1.36317852,2.817404056,14.18692219,0.001898525,0.024795923
Col27a1,0.515331836,6.023228258,14.1537412,0.00191563,0.024983689
Il10,1.678699076,0.662767813,13.81938316,0.002098173,0.026773267
Ghr,0.292093358,6.57871431,13.49100566,0.00229701,0.028791252
Col5a2,0.725043838,11.34616242,13.24944593,0.002457041,0.030281543
Crlf2,0.580309348,4.944816347,13.14934484,0.002527058,0.030931126
Pthlh,-0.85020736,4.827913637,12.95724453,0.002667902,0.032181783
Bmp5,-0.62940252,4.226523662,12.91336887,0.002701314,0.032450494
Cd40,-1.915718422,2.293087566,12.82277733,0.002771825,0.032979134
Col6a1,0.635378863,11.74313784,12.52590193,0.003018057,0.034757011
Ccl8,0.695891567,5.554639983,11.97583506,0.003543359,0.039370419
Plaur,0.436774046,5.735870616,11.17364205,0.004508068,0.046646495
Epha3,1.008924693,3.737306305,11.13918103,0.004555799,0.047104032
Ccl7,-0.684309716,7.64091323,11.05147684,0.004679907,0.047984212
Col6a3,0.611177443,11.6135298,10.92852092,0.004860464,0.049478161
Ccl3,-1.309480985,3.862937044,10.76675243,0.005110285,0.051217526
Col16a1,0.419630951,8.471649965,10.49567971,0.005562582,0.054123315
Col6a2,0.650218538,11.64811758,10.31966543,0.005880791,0.056260792
Tnfsf11,1.111146849,2.765001888,9.826828655,0.00688868,0.062755529
Igf1,0.335954707,8.089656412,9.586177286,0.007451872,0.066464309
Il7r,1.165254948,1.963311407,9.463966197,0.007757978,0.068263494
Adipoq,-2.455756144,0.854860765,9.367084287,0.008010907,0.069669392
Col3a1,0.621648625,15.07490228,9.263993718,0.008290487,0.071337927
Ptprz1,-1.347364126,1.514573883,9.137934536,0.008647693,0.073581742
Tnfrsf25,0.985809071,2.805559082,9.118892028,0.008703173,0.073898015
Raet1e,1.373036487,2.286048146,9.003349329,0.009048692,0.075830938
Lama3,0.869774721,4.94898252,8.74243383,0.009888452,0.080725004
Omd,-0.694295017,3.083070831,8.591263425,0.010415805,0.083394756
Grn,0.229441902,8.659441222,8.507405691,0.010722235,0.085099791
Ccl12,3.040059397,-0.659432895,8.417335785,0.011062959,0.087042571
Wnt5a,-0.800138048,4.440230165,8.394650739,0.011150725,0.087593702
Tnfsf13,-1.317923805,1.304368147,8.172215758,0.012055043,0.092051663
Col4a4,-1.053331392,3.380550964,8.049537484,0.012589739,0.094790591
Pdgfb,-0.31522709,7.253276742,7.970857514,0.012947019,0.09684349
Fn1,0.460856438,13.18842876,7.853807044,0.013500339,0.100123411
Tnfrsf11b,1.274236119,3.712880126,7.780043769,0.013863001,0.10172321
Col28a1,0.48211334,3.967318887,7.520986238,0.015228558,0.108207266
Tnfrsf1a,0.187454134,8.245196818,7.42110897,0.015795956,0.110836142
Fam3c,0.238818685,5.956904732,7.379816794,0.016037623,0.111973531
Col5a3,0.559239618,10.95197913,7.334043769,0.01631051,0.113128974
Sema3e,-0.937325569,2.659106812,7.265805004,0.016727329,0.114845943
Icos,-1.610148625,0.765984545,7.210361112,0.017075052,0.11650588
Csf1,-0.286080195,8.072975864,7.021554508,0.018323285,0.1223502
Raet1d,1.029812609,1.49236624,6.898684092,0.019192161,0.126412825
Ccl6,0.367104126,5.477383271,6.814500027,0.019814943,0.12907557
Plxnb1,0.648937473,3.547888398,6.72658558,0.020490374,0.132112411
Tgfbr3,-0.214839088,8.255530911,6.683065822,0.020834548,0.133672534
Tnfsf9,-0.351074194,4.068204368,6.652292427,0.021081951,0.134740525
Il15,-0.487966875,3.818740521,6.648971477,0.021108852,0.134818344
Ncam1,0.721549334,3.927348658,6.639542805,0.021185445,0.135166092
Col6a6,-0.463995918,7.279044193,6.496005183,0.022392061,0.140370088
Mmp2,0.452588625,11.43888906,6.341721726,0.023778584,0.146356188
Ccl2,-0.498972239,7.433889746,6.099044062,0.026165721,0.154854725
Siglec1,1.469483005,1.657506614,6.093520275,0.026223203,0.155144775
Bdnf,1.083815357,1.485560172,6.075370448,0.026413109,0.15581522
Bmp3,-1.085671899,2.523478558,6.024838441,0.026950291,0.157742369
Vegfd,-0.394148503,5.891755409,6.007484848,0.027137682,0.158355031
Tnf,-0.622559635,4.202404723,5.973772069,0.027506061,0.15963977
Il17a,-5.158018122,-0.987759106,6.037464143,0.029028178,0.164473555
Col5a1,0.53949472,11.1718704,5.836246695,0.029070131,0.164595911
Copa,0.181394963,8.554625535,5.777961685,0.029763976,0.166431315
Il33,0.370871874,6.805636195,5.777740154,0.02976665,0.166431315
Bmp7,-1.307923089,1.816069033,5.657353932,0.031261719,0.171482499
Col4a2,0.210660443,11.19825822,5.517547499,0.033108738,0.177839278
Il4ra,-0.217595508,7.34932706,5.503677464,0.033298802,0.178421582
Col4a6,-1.331589859,0.524026354,5.409312851,0.034626121,0.182509756
Artn,1.406185712,0.764941156,5.291172571,0.03637562,0.188321616
Kng2,0.912897864,3.697359795,5.255163937,0.036929182,0.189715694
Il1rn,0.705446293,4.430299159,5.222722864,0.037436319,0.190786653
Il1rl1,0.519667711,3.915346072,5.180930502,0.038101652,0.192622682
Scgb3a1,2.189852382,0.841727746,5.138516311,0.038791021,0.194656726
Col9a2,2.306203918,-0.696952183,4.979869172,0.041501837,0.202818585
F10,0.679534435,2.594889765,4.577967553,0.049421429,0.225323475
Ptn,0.318602863,5.673261948,4.547212036,0.050097245,0.226950682
Tshb,-3.983969751,0.003558166,4.4347146,0.055477714,0.241984855
Fgfr4,0.828988421,2.278309498,4.301127415,0.055913638,0.243133373
Nts,0.704759474,4.937062628,4.154309741,0.059761726,0.252316571
Hbegf,0.295662005,5.87953215,4.151672989,0.059833635,0.252503733
Lifr,-0.162792781,6.978055978,3.934940731,0.066109418,0.268767662
Pros1,0.165984324,8.199333809,3.809672177,0.070091101,0.279129653
Rspo3,0.673479294,2.040986281,3.708780439,0.073505628,0.287259793
Gdf3,1.169201512,1.140205464,3.689300292,0.074187424,0.288601215
Lepr,-0.309190165,6.09112651,3.564217917,0.078748699,0.298173578
Csf3r,0.860880256,4.436732174,3.484362847,0.081835382,0.304570668
Col2a1,1.362577821,-0.331478893,3.495140583,0.084521504,0.310279324
Sorl1,-0.431099633,3.987928658,3.259207201,0.091347797,0.324097949
C3,-0.337081058,12.93701971,3.216198765,0.093312199,0.328205855
Nrp1,0.171113365,8.198337788,3.158774083,0.096014595,0.334116925
Gdnf,0.791239396,1.957324116,2.977438886,0.105187639,0.353995746
Ddr1,0.347530628,4.604809519,2.97003471,0.105584101,0.354758234
Calca,2.369523447,-2.091460243,3.006603803,0.106851688,0.357562938
Lep,4.113563094,-1.897978676,2.83810346,0.116187773,0.376751249
Il1f9,1.108541685,4.031126281,2.770939824,0.116954901,0.3783113
Camp,2.818750907,-1.881245198,2.763061798,0.117434569,0.379450218
Egfr,-0.177396315,7.662571112,2.731652505,0.119370886,0.382601136
Gm1123,-3.272917608,-1.772706223,2.707487097,0.124122535,0.390881852
Ccl24,0.705661961,1.419571754,2.626302534,0.126155379,0.39366584
Cd209a,1.734100572,-0.368496526,2.373603402,0.14445136,0.424640377
Fgf7,-0.19780733,5.129584553,2.370870437,0.14466643,0.424925728
Ghrl,1.388212493,-0.65959791,2.310470564,0.149522018,0.432739876
Il17rb,-1.171368667,-0.467551902,2.209395967,0.158107092,0.444579079
Il13,-2.570280108,-1.635696566,2.188282331,0.159977009,0.446545581
Alcam,-0.354842867,2.933391953,2.060943878,0.171858547,0.463273045
Nppc,-0.643844407,1.457339695,2.057080138,0.172236009,0.463980901
Cd200r3,-0.865344679,0.24143713,1.935960447,0.184615249,0.480866262
Ace2,-1.417171123,-0.239793033,1.931829118,0.18505695,0.481537277
Wnt4,1.107561674,0.393674412,1.924582276,0.185834978,0.482651602
Tnfrsf18,0.787635975,-0.040498249,1.855093335,0.193509779,0.492886016
Enho,-0.591307579,1.667238384,1.829055759,0.196488923,0.496936896
Leap2,2.389549698,-2.419750186,1.825196013,0.196935497,0.497253984
Insl3,0.678790257,1.369915282,1.799562593,0.199934346,0.50143786
Tnfrsf1b,-0.119633722,6.619162749,1.798987405,0.200002303,0.501470926
Osm,-0.736219529,2.904991117,1.760901666,0.204568439,0.506949884
Egf,-0.867063075,0.580705283,1.745865028,0.206407884,0.509302622
Cd209g,-1.724289501,-0.993028439,1.673927566,0.215507896,0.52057299
Trem2,0.319597798,3.358299329,1.598055235,0.225674397,0.533823006
Il4,-0.5299508,0.75777685,1.591284907,0.226611536,0.535141068
Il17c,1.150248306,-1.264847438,1.585291659,0.227445338,0.536211097
Rspo2,0.827562947,0.526108367,1.594209697,0.229175069,0.538038991
Nrg1,1.427323619,-0.14696278,1.555969282,0.231582854,0.541572623
Il1a,0.769360666,0.989553006,1.551709149,0.232192118,0.542166523
Ceacam1,0.963115811,5.22760169,1.538117546,0.23414997,0.545139237
Uts2,-2.05946103,-2.426636554,1.550310106,0.23533443,0.546567298
Agt,0.777535337,1.750316815,1.521613656,0.236556453,0.547368285
Vip,2.864880903,-1.792159497,1.467644345,0.247542007,0.560877689
B2m,-0.11803874,10.46850969,1.370086935,0.260250794,0.57327711
Gpi1,0.087216427,7.404032601,1.351253763,0.263412404,0.576819532
Col6a5,0.355305468,6.212044614,1.348220764,0.263926359,0.576880251
Gdf9,-0.691574938,0.46246664,1.346137934,0.26428008,0.577060881
Psap,0.083127385,10.80178885,1.302889468,0.271770713,0.584701389
Dag1,0.09676893,8.214506927,1.301238671,0.272062253,0.584778954
Nrtn,-1.615815186,-2.261095983,1.29364204,0.273409304,0.585918727
Epor,0.678862779,1.233325585,1.277883471,0.276232473,0.589177962
Tnfsf12,-0.136740235,5.196497376,1.252547122,0.28085475,0.593780317
Hgf,0.294384643,3.992581886,1.248415212,0.281618484,0.594699111
Fas,0.141060628,5.165137857,1.153250357,0.300021622,0.612657067
Wnt2b,0.727019407,0.212920897,1.119068114,0.307035579,0.620143348
Col17a1,-0.414227461,1.294769141,1.104040611,0.310191187,0.623745762
Il7,0.224354558,3.382869848,1.070223126,0.317459858,0.631396888
Tnfsf10,-0.224898054,6.225828707,1.03704434,0.32482553,0.639007336
Apln,0.197735191,5.499426064,1.035036605,0.325278945,0.639349803
Kdr,-0.15974345,9.291437488,1.028607666,0.326736852,0.6408396
Igf2,0.60264522,1.17348156,1.015138385,0.329821457,0.644267196
Erfe,0.369183009,2.02242979,0.939439285,0.347954612,0.658882823
Il15ra,-0.140863251,4.920878261,0.915028542,0.354108322,0.66461073
Csf2ra,0.165746926,4.268117117,0.905466222,0.35656205,0.665818467
Gdf15,0.329877793,2.034286455,0.893020753,0.359792935,0.668781691
Lif,-0.295141958,3.205535432,0.860594231,0.368415445,0.677040838
Btc,-1.021848584,0.135283092,0.858530723,0.368974422,0.677422227
Cd209f,0.6093097,0.451381531,0.835890062,0.375190912,0.682651591
Il6st,0.103284195,10.06979679,0.816443378,0.38065574,0.687734312
Sema3a,0.195514313,3.644461886,0.745115111,0.401762815,0.704755996
Fgf1,0.1355474,5.048073412,0.703718288,0.414845949,0.715154673
Ccl28,0.483442947,0.481693434,0.700913476,0.415756259,0.715888154
Tnfsf18,0.73787758,-0.886695216,0.667900927,0.426710716,0.723405233
Csf3,-0.335029492,4.785528007,0.648864394,0.433236834,0.729203021
Nectin4,0.861902609,-1.324219731,0.647633122,0.433664417,0.729520362
Thpo,-0.502657207,-0.057519704,0.646035221,0.434220329,0.729837187
Wnt5b,0.404407231,0.753777121,0.641921228,0.43565686,0.730924754
Gcg,-0.953175457,-1.651729801,0.641942476,0.437583939,0.732108035
Ephb6,-0.225118512,2.728758935,0.628905941,0.440252265,0.732915713
Areg,0.425368425,0.790781017,0.620935828,0.443105107,0.734603677
Il16,-0.170808453,3.926840414,0.589938393,0.454491996,0.74325292
Cck,0.954064564,-1.589218914,0.585619434,0.45611667,0.74409463
Il17re,1.433631678,-2.285943343,0.581317734,0.457744416,0.745581694
Bmp15,0.868058312,-1.155833674,0.579362548,0.458487434,0.746055576
Cxcl16,-0.082769118,5.266425582,0.560888446,0.465608268,0.751101488
Tnfsf13b,-0.137444955,3.948688281,0.560391342,0.465802425,0.751348503
Vgf,-0.808957784,-0.774592867,0.554619514,0.468066757,0.753288966
Fgf9,-0.194448102,3.139426802,0.545411529,0.471717704,0.755763661
Il1b,-0.25302192,6.117718545,0.540299233,0.473765558,0.757387911
Wnt1,0.924460586,-1.433904776,0.527129369,0.480841764,0.762575224
Tfrc,-0.097063529,4.326983821,0.508283538,0.486942897,0.766533502
Gdf10,-0.15065495,5.983272144,0.495672621,0.492308176,0.770582484
Nrg4,0.568342299,0.122446181,0.476004608,0.500885311,0.775358096
Amh,-0.785076403,-1.059337376,0.453349475,0.511099055,0.781914513
Angpt4,0.472854991,1.619568681,0.41450651,0.529516078,0.793534678
Gpha2,1.079849154,-2.163299085,0.412543107,0.530479514,0.794110847
Wnt2,-0.162353567,3.836987659,0.406616385,0.533407728,0.795830596
Retn,-0.902568861,-0.389308836,0.385214088,0.544240745,0.802946014
Nrg2,0.710187074,-1.536861402,0.367390536,0.553589067,0.809387529
Fgfr2,-0.129760942,2.797533015,0.358462814,0.558390098,0.812320735
Gdf6,0.485114483,0.469131573,0.346389087,0.56501527,0.815672865
Aimp1,0.060097025,5.096569045,0.337743669,0.569856518,0.818128715
Gdf7,0.806668256,-1.715344127,0.324713182,0.577314053,0.822415568
Tnfsf14,-0.445150199,-0.040898531,0.276192087,0.606971997,0.841521654
Ifnar2,-0.039928051,6.413354033,0.262455005,0.615978075,0.846241906
Il1rap,-0.078625983,4.636026243,0.251534401,0.623354695,0.850062503
Npb,-0.784387524,-2.04347555,0.247218308,0.626326001,0.851576494
Gnrh1,-0.276639893,0.381457168,0.241390273,0.630390448,0.853904387
Col14a1,0.098513074,10.45337942,0.238103512,0.632709817,0.854608445
Cers1,-0.356127067,-0.180580957,0.235127258,0.6348274,0.855562125
Cd200r1,0.236279864,1.237662015,0.23204043,0.637041386,0.856413895
Fbn1,-0.076504144,11.27768694,0.22071054,0.645328007,0.861121017
Il11,-0.260352813,0.237049253,0.203424729,0.658490928,0.868142226
Cd200r4,0.416357148,-0.494696781,0.189920145,0.669255519,0.875400943
Qrfp,0.560390606,-1.28760089,0.180076958,0.677394708,0.878765462
Ccl22,0.645802672,-0.675147541,0.170795342,0.685315755,0.881441858
Cklf,-0.133917531,2.688141729,0.15580842,0.698660239,0.888303295
Efna4,0.167140941,1.668130442,0.155555152,0.698892067,0.888524101
Il12a,-0.40918387,-1.327638502,0.127283588,0.726287304,0.902597817
Angpt1,0.058725387,4.762198024,0.121089635,0.732742401,0.906198201
Kl,0.461787417,-2.07304522,0.120690495,0.733915089,0.906613089
Rspo1,-0.323046661,-0.251689201,0.119066631,0.734890966,0.906961548
Gal,0.197810461,0.637396117,0.117468659,0.736602696,0.908033659
Pspn,0.267618288,-0.837571146,0.105295744,0.750093638,0.914541675
Col19a1,0.495733663,-1.799809148,0.101415107,0.75457576,0.916725041
Mstn,0.145403614,1.528945182,0.086294239,0.773636706,0.926491937
Gfra4,0.228281569,0.611364103,0.082069307,0.778473148,0.928746655
Col26a1,0.210243644,-0.145584414,0.069084917,0.796287794,0.937512803
Ppbp,0.247557154,0.047434872,0.068077297,0.797743046,0.937939702
Siglecg,0.376711848,-0.466306728,0.066291881,0.800350263,0.938799548
Lefty1,-0.113813533,2.213386691,0.065790767,0.801088772,0.938823677
Jam3,-0.024128277,5.500659735,0.060758947,0.808677415,0.941965149
Inha,0.175345928,1.036916612,0.059876061,0.810043046,0.942325043
Vegfb,-0.037335055,3.878680114,0.056961999,0.814628079,0.943524687
Col4a1,0.022197269,11.80912195,0.049614046,0.826772887,0.947670632
Csf2,-0.226295053,-1.032859864,0.040808395,0.842651346,0.954990951
Epgn,0.244890833,-1.989353002,0.034821478,0.854497235,0.95906109
Tnfsf15,-0.132191895,0.730322794,0.034809914,0.854521101,0.95906109
Lamc1,-0.018655599,10.13149603,0.031469921,0.861594659,0.961405228
Pvr,0.013623394,6.242000011,0.028797077,0.867540046,0.964103039
Cntf,0.193309629,-2.056754922,0.019219472,0.891602853,0.974928691
Prlr,-0.070978204,2.242973849,0.016082658,0.900787223,0.978368518
Pdgfc,0.021324561,3.586425034,0.015614186,0.902234763,0.979045629
Il1r1,0.012079691,8.086455615,0.014181315,0.906804823,0.980090241
Pomc,-0.130035973,-1.115011589,0.008818195,0.926440544,0.986683696
Ebi3,0.056243551,0.062319159,0.004519973,0.94729543,0.995005255
Ccl19,-0.030508439,1.840839696,0.003989468,0.950480211,0.995566671
Ccl27a,0.025880217,1.062623679,0.003461001,0.953872179,0.996627882