"Xing_Pro"	"Xing_Sen"	"Panariello_Pro"	"Panariello_Sen"
"ANKRD65"	866.195792033731	1650.34460439656	511.359662814176	974.427027367211
"SLC35E2B"	5059.57935407297	7608.40148780451	3670.2915443408	6391.51950173085
"TNFRSF14"	887.162709843927	1742.24768070774	929.351880854166	3488.08785907559
"RNF207"	3800.25385309806	7428.50610438688	621.585118450368	1104.35063101617
"GPR153"	1348.43490166824	3157.94613282043	952.261485358943	1879.38101667213
"PLEKHG5"	2269.66885295374	4076.97689593225	1385.81494419463	2175.31811387254
"RP3-510D11.2"	2177.93858753413	5011.65073586301	1413.0471155871	4954.23963636422
"MTHFR"	2264.42712350119	3339.79690084043	3072.04828708398	6178.58915130617
"ECE1"	9753.54807883064	14506.9983649503	9153.89989806915	18684.6382497663
"HSPG2"	8106.33459836711	14663.4291331396	6082.71612436271	11025.4613652105
"ZNF436"	901.577465838437	1757.89075752667	341.48278412781	722.700045297348
"FUCA1"	4213.0400474863	7231.01225954795	3348.69256789638	4758.45198364321
"AHDC1"	5045.16459807846	8052.2737925415	4647.1916609596	8189.69826612238
"IFI6"	16656.9057678377	25216.6398321066	12682.8435051824	42595.9948046605
"SESN2"	5244.35031727532	7430.46148898924	5827.68467798878	8759.91852658171
"PTPRU"	3522.44219211296	5392.9507333243	2067.91599907271	2951.25074677606
"ADGRB2"	483.54954199765	829.08307140301	949.235688537558	1887.50124190019
"FAM167B"	2614.31256445884	5478.98765582838	1389.70525439356	4069.13508650567
"AZIN2"	922.544383648633	1577.99537410903	809.616778065048	2032.76304875771
"PHC2"	7899.28628499142	11783.147613855	6397.83125047559	10489.5265001585
"LINC01137"	1310.43236313726	2225.22767749204	770.713676075804	1526.6023428753
"CITED4"	7109.09557001965	11873.0953055639	9386.02173993831	14099.417737655
"PLK3"	6275.66058706435	10271.6353162264	5831.14273149893	12757.77608053
"BTBD19"	739.083852809416	1605.37075854215	453.869523207849	997.885455803829
"TSPAN1"	1905.36865600158	4239.2738179286	253.734676307626	856.232637936558
"MOB3C"	1068.00237595687	1787.22152656215	574.901396063275	1243.29670714076
"ECHDC2"	6639.96078401651	9512.94609050859	6961.06171594209	12569.2064057895
"PLPP3"	15659.6667394903	27987.4198136587	14072.9810162647	37240.2551431311
"NFIA"	6482.70890044004	9329.13993788623	4415.06981909044	8017.369041838
"KANK4"	4750.31731637258	8537.20917392816	1151.09956219286	1909.15517584168
"LEPR"	935.648707280005	1491.95845160494	2087.36755006733	4432.74072727325
"WLS"	11252.6827022597	20899.1506300834	22706.0116043667	44697.328644233
"WDR63"	78.6259417882357	230.73538307914	271.45720054717	1059.23826863806
"CLCA2"	24.898214899608	160.341537393978	67.8643001367926	425.860700849374
"PLPPR4"	1049.65632287295	2006.22460202709	1027.04189251605	1932.6136042783
"AKNAD1"	1229.18555662275	2391.43536869312	602.133567455746	1172.9214218309
"KIAA1324"	1348.43490166824	2532.22306006344	478.508154467703	1135.92928468085
"SLC16A4"	2759.77055676707	4440.67843197225	2620.34004731998	7017.67909153904
"TSPAN2"	3573.54905427532	5322.55688763914	4495.46956320155	8237.51737024318
"CD58"	9606.77965415927	15977.4475859292	3515.97590645013	6503.39816042857
"ITGA10"	387.88797948863	694.161533839784	567.985289042965	1439.98660710932
"RP11-14N7.2"	69196.0705031	97143.5070455225	32602.5284937417	63669.7837659716
"HIST2H2BE"	897.646168749025	1540.84306666408	1492.58234632067	5571.37675369678
"MTMR11"	3698.04012877335	6671.77226327139	1093.17716589776	3179.51930040931
"CTSK"	20503.0247536456	32862.1936273561	39936.195475403	111991.439603662
"S100A10"	860926.543501556	1225093.4272279	465668.401784498	944930.760349906
"S100A11"	1188871.4154032	1652292.16746051	587052.131584582	1198741.03131439
"S100A6"	2210635.18542677	3493378.67366403	2048224.97787251	6418055.49552891
"S100A5"	798.053309150593	2191.98613925183	519.572539900794	1135.92928468085
"S100A4"	1034423.85708384	1895223.28430461	546497.809044239	1770379.62444689
"S100A3"	10191.2324881185	19680.9460228097	2255.51540199862	5078.74975652781
"S100A2"	19997.1978614746	33001.0259341241	1967.63244727822	4617.7014130235
"S100A13"	229254.900201412	328829.207041412	152657.06897586	313085.20838758
"PBXIP1"	2585.48305246982	4792.64766039806	4217.09625563407	8235.71287574806
"ZBTB7B"	2260.49582641178	3371.08305447828	1401.37618499033	2402.68442025822
"CRABP2"	191840.74580148	409719.557272071	140118.166948038	348552.547689251
"DPT"	61.5903210674513	172.073845008172	1968.06470396699	4051.99238880198
"KIFAP3"	9364.34966697888	15216.802975609	5757.22683771937	11990.8659201021
"DNM3"	1191.18301809177	1996.44767901527	650.546316597916	1082.69669707468
"DNM3OS"	809.847200418828	1550.61998967591	5470.2083963765	12176.7288530999
"TNFSF4"	1043.10416105726	1828.28460321183	313.3860993578	747.962968229091
"MR1"	853.091468402358	1560.39691268774	935.403474496938	3434.85527146942
"LAMC1"	33997.8572292331	52429.7273432286	20516.1992190611	33550.0639006016
"NCF2"	3738.66353203061	5832.91226885655	294.799061740717	431.274184334747
"RGL1"	2585.48305246982	5887.66303772279	1589.84010129378	3011.70131236273
"EDEM3"	4979.6429799216	7500.8553346744	2705.49461500755	4281.16318968279
"HMCN1"	511.068621623532	846.6815328243	1241.44121014566	2116.672042781
"RGS2"	33397.6792069163	48047.7104493273	19796.0595755713	35138.9213035587
"PHLDA3"	50711.1115886858	69641.0226132505	39679.435002274	69334.0919861673
"BTG2"	5518.23068117101	14094.4122138512	3092.36435145614	12008.0086178057
"FMOD"	351.195873320786	1081.32768510817	357.476281612277	812.022522806009
"PRELP"	8326.48723537417	19987.9414053811	1914.89713124835	7258.57910663816
"IL19"	5524.7828429867	14927.4060544589	1057.2998607299	1743.14168229023
"LAMB3"	2390.22863036237	5185.67996547354	263.676580149322	452.928118276241
"HHAT"	660.45791102118	1067.63999289161	984.248480327878	2215.91924001284
"TGFB2"	2331.25917402119	4164.96920303871	1899.33589045265	5379.19808996603
"RP11-400N13.3"	352.506305683924	690.250764635053	1400.07941492402	3370.7957168925
"WNT9A"	2288.01490603766	4276.42612537354	542.049887716802	957.284329663528
"GUK1"	247593.090691154	330473.685492001	127395.988084178	209998.04687011
"LYST"	3526.37348920237	5922.85996056537	1785.22012461754	4678.15197861017
"NID1"	8900.45661042829	12651.3383773054	4442.30199048292	7907.2948776354
"KIF26B"	791.501147334907	1511.5122976286	697.230038985009	1150.36524064185
"ASAP2"	15256.053571644	24014.0783016518	5728.26563957182	9479.91183013637
"MAPRE3"	2210.69939661256	4174.74612605053	1627.87868990548	4237.85532179981
"FNDC4"	9399.73134078358	13222.3106811961	9005.20359713249	13554.4604001274
"YPEL5"	15216.7406007499	22191.6598522471	14345.3027301894	27135.0859704341
"EHD3"	5776.38585670905	9268.5230152129	10188.2901542943	24287.5936571277
"QPCT"	6042.40362642592	8335.80455988451	17483.0540339663	27108.0185530073
"CYP1B1"	13375.583130542	31137.5444080697	11345.4413101299	16483.1549657144
"AC007246.3"	5649.27391748474	9839.49531910365	5477.12450339681	9291.34215539587
"TMEM178A"	14087.1479037256	24109.8921471677	6213.68990105983	10927.1164152262
"PLEKHH2"	322.366361331767	674.607687816128	1601.51103189055	2901.62714816014
"PREPL"	5613.89224368003	8101.15840760064	4667.93998202053	6819.18469707535
"STON1"	1706.18293680472	3105.15074855656	1200.37682471257	2027.34956527234
"ACYP2"	5438.29430701964	9610.71532062687	4067.96769800863	7041.13751997566
"AHSA2"	2977.30232904786	4520.84920066924	2344.12802319635	3964.47440578845
"ANXA4"	38495.2610995202	58403.4273034554	13524.4472782164	30699.8648455525
"CYP26B1"	365.610629315296	752.823071910752	457.327576718004	1000.59219754652
"RETSAT"	3247.25139585414	5150.48304263096	3209.50591411264	6300.39252972707
"RNF103"	3497.54397721335	5400.77227173376	1110.46743344854	2196.97204781404
"THNSL2"	989.376434168633	1841.97229542839	3157.63511146032	5925.05767474118
"TRIM43"	87.7989683301966	827.127686800644	20.7483210609302	146.164054105082
"AC159540.1"	1694.38904553648	2815.75382740645	1092.31265252022	2256.52036615314
"ZC3H6"	3578.79078372786	5195.45688848537	3032.2806717172	4553.64185844659
"IL1B"	5422.56911866199	9945.08608763139	1202.53810815641	3302.22492607777
"PGM5P4-AS1"	43.2442679835297	131.010768358495	108.064172192345	468.266321484799
"GYPC"	191247.119940978	359210.017608366	66332.3824317939	109030.264137163
"NCKAP5"	705.012611367847	2289.75536937011	768.120135943188	2608.39679270241
"MBD5"	876.679250938829	1490.00306700258	2946.69384734086	4304.62161811941
"GALNT5"	3783.21823237728	9778.87839643031	5073.82901277498	15607.9751355791
"TANC1"	7531.05479094985	13030.6829901643	2714.13974878293	4261.31375023642
"PLA2R1"	640.801425574121	1327.70614500624	1244.89926365581	3728.08562692714
"DPP4"	6080.4061649569	15525.7537427828	1512.03389731529	4957.84862535447
"IFIH1"	402.30273548314	780.19845634387	2862.40379303083	4399.35757911344
"SLC38A11"	323.676793694904	561.195380878924	3887.7166587918	19401.9248115782
"GPR155"	1293.39674241648	2373.83690727183	883.964928533381	2376.51925007892
"CHN1"	41122.6779876104	56459.775008704	38889.2697752036	76221.8474740574
"LINC01116"	6628.16689274827	12874.252221975	1315.35710392522	2346.74509090937
"PDE1A"	248.98214899608	410.630766496774	2070.50953920533	3814.70136269312
"ITGAV"	21070.441966884	39242.613584875	13719.3950448513	21754.083385973
"COL3A1"	92006.7666482303	157723.277411411	131670.14222273	274414.891357063
"COL5A2"	68185.7271511212	96547.114741801	37708.7767581744	56834.3586184401
"GLS"	12746.5755962362	17307.1091155378	8135.07088263973	12705.4457401714
"SDPR"	9013.15379365809	15950.0722014961	4342.88295206596	11924.0996237825
"ANKRD44"	618.524075400788	1141.9446077815	796.649077401967	1553.66976030216
"PARD3B"	2246.08107041727	3562.7107455101	1282.50559557875	2381.03048631673
"GPR1"	1214.77080062824	2260.42460033462	778.062039784883	2719.37320415257
"IGFBP5"	782692.420989898	1457275.79491279	167124.268092283	484933.534889016
"DIRC3"	22611.5104259335	37232.4782136432	5036.22268085204	9558.40734067429
"TMBIM1"	12868.4458060079	19489.3183317778	8454.94083232907	14441.3694444811
"PLCD4"	57.6590239780395	140.787691370322	388.166506514903	1237.88322365538
"SERPINE2"	81672.6970325299	145453.239031567	142068.509127766	280916.485022996
"BHLHE40"	5135.58443113493	9929.44301081246	2226.55420385107	3848.98675810048
"CRELD1"	4612.72191824316	6806.69380083462	4361.46998968304	5954.83183391073
"HRH1"	2720.45758587296	4606.88612317333	569.714315798042	1767.50235797441
"FBLN2"	9588.43360107535	23701.2167652733	5958.22619799713	16355.9381038081
"PLCL2"	2031.17016286276	3259.62613214344	958.313079001715	1532.91807360823
"THRB"	389.198411851767	772.376917934408	740.455707861947	1379.53604152265
"RBMS3"	5291.52588234827	7778.51994821032	3531.9694039346	7947.8960037757
"TGFBR2"	6995.08795442671	12588.7660700297	3408.77624763533	8744.58032337315
"TRANK1"	357.748035136473	813.439994584085	464.675940427083	910.367472790292
"RP4-613B23.1"	220.15263700706	508.399996615053	134.431830207277	409.620250393253
"ZBTB47"	1948.61292398511	3075.81997952107	371.308495652897	785.857352626704
"CLEC3B"	17.0356207207844	70.3938456851612	220.018654583614	890.518033343923
"TMEM158"	23003.3297025115	39508.5458907967	26664.6183601167	63991.8860333513
"COL7A1"	17482.4781566142	29101.9890370071	7170.27395330647	10413.7377313633
"LAMB2"	8672.4413792424	14839.4137473525	5560.98230101807	10548.1725712501
"ABHD14B"	8135.16411035613	11616.939922654	8107.40645455849	16550.8235092816
"WNT5A"	13848.6492136346	30943.9613324355	7012.93251859442	19390.1955973599
"PDZRN3"	7460.29144334044	15418.2075896527	2757.36541765987	6729.86221956669
"ABI3BP"	4505.26646446591	14929.3614390613	684.262338321928	2633.65971563416
"CBLB"	2337.81133583688	3590.08612994322	4112.49013695188	6568.35996225305
"CCDC80"	147565.167548161	215364.104719944	49518.0294953538	87847.3032588967
"ZBTB20"	6767.07272324082	10905.1799273929	3072.91280046152	8615.55896697176
"PLSCR4"	1588.24402412236	2407.07844551204	1662.8914816958	3233.65413526304
"LXN"	6668.79029600553	12528.1491473563	9648.83380671009	23375.4216898423
"RARRES1"	1387.74787256236	2205.67383146839	596.514230501744	1205.40232274314
"ZMAT3"	20829.3224120668	44643.3858566088	11548.1696971627	32594.5840654332
"MASP1"	1489.96159688707	3320.24305481677	3424.33748843103	12310.2614457391
"FAM43A"	2716.52628878355	4514.98304686215	3399.69885717117	9626.07588424146
"APOD"	281.742958074511	1728.55998849118	23925.8399800739	73194.8079584861
"MYL5"	4893.15444395454	7717.90302553698	3214.26073768911	5739.19474174336
"SPON2"	24178.7875322456	39971.9720415574	16834.6690008123	38635.1293878623
"MXD4"	13515.7993933977	25531.4567530875	18836.0174698145	40634.5092884603
"ZFYVE28"	893.714871659613	1597.54922013269	595.217460435436	1408.40795344464
"STK32B"	3661.34802260551	6656.12918645247	1562.17567321254	2546.14173262062
"RP11-539L10.3"	1626.24656265334	2798.15536598516	2038.09028754763	4473.34185341355
"SOD3"	2383.67646854668	3748.47228273484	13192.0418845527	37031.8360289443
"PCDH7"	1736.32288115687	3584.21997613613	4006.58724820338	6750.61390626062
"CORIN"	321.055928968629	993.33537800172	238.173435511928	578.340485687391
"SPATA18"	1136.14485884001	2954.58613417441	716.249333290862	2909.7473733882
"CXCL6"	471.755650729414	727.403072079999	2511.84361843887	4524.7699465246
"CXCL1"	24991.2555973907	44371.58739688	30237.2198927956	60232.2217527595
"EREG"	1813.63839058197	3707.40920608516	5904.19411190096	19513.803470276
"SHROOM3"	7971.36006496397	13148.0060663062	5473.23419319789	7564.44092356175
"CCNG2"	3366.50074089963	5686.25842367913	3067.72572019629	7790.00273545231
"PLAC8"	11880.3798042024	29594.7459568032	1439.41477360203	2735.61365460869
"FLJ20021"	3924.7449275961	6898.5968771458	3656.02707361141	7634.81620887161
"PAPSS1"	18137.6943381828	28267.039811797	19123.9004245349	25255.704953762
"SGMS2"	5644.03218803219	11302.1230016731	1699.6333002412	3288.69121736434
"HSPA4L"	1575.13970049099	3279.17997816709	2118.9222883475	3188.54177288493
"PCDH18"	17179.7682807295	27060.5675121374	15157.9453050758	28753.7175325608
"MGST2"	11147.8481132087	18881.1937204421	11463.0151294752	15491.5852406435
"TBC1D9"	3116.20815954041	5166.12611944989	1092.74490920899	2561.47993582918
"EDNRA"	1281.60285114824	2528.31229085871	2296.57978743171	4383.11712865732
"TMEM154"	6079.09573259376	8865.71378712558	2983.00340919749	5260.10145328781
"CTSO"	1010.34335197883	1783.31075735742	992.029100725726	2212.31025102259
"FAM198B"	1145.31788538197	4278.38150997591	1275.58948855844	3530.49347971101
"RP11-597D13.9"	201.806583923138	913.16460930473	472.888817513701	1472.46750802156
"CPE"	365.610629315296	549.463073264731	5578.70482525761	8519.92075873016
"PALLD"	60425.3466966223	91292.9963152446	21514.7121701183	45780.0253413077
"SEMA5A"	9803.34450862986	17543.7106524241	4614.34015261313	12776.7232727288
"ANKH"	6793.28137050357	15699.7829723933	3823.31041216516	6121.74757470975
"C1QTNF3"	407.544464935689	956.183070556773	367.418185453973	1199.98883925777
"ARL15"	4911.50049703846	9530.54455192988	2142.69640622982	3093.80581189089
"HSPB3"	2379.74517145727	5394.90611792666	373.037522407975	1239.68771815051
"PLPP1"	14362.3386999844	19741.562945483	15979.6652704264	25761.8656596444
"PLK2"	17008.1016411585	29811.7936476658	12094.5421517672	21055.7440163598
"MAST4"	2944.54151996943	5758.60765396666	2676.53341686	5330.47673859767
"PIK3R1"	7856.04201700789	11380.3383857677	7060.04849767028	10962.3040578811
"ANKRA2"	5530.02457243925	9336.96147629569	2850.73286243406	4928.07446618491
"PDE8B"	3040.20308247845	6941.61533839784	102.012578549574	251.726982069863
"BHMT2"	2640.52121172158	3787.57997478215	4101.68371973264	7416.47237496155
"MEF2C"	3253.80355766982	4587.33227714967	6833.11373606635	10928.0186624738
"ARRDC3"	2727.00974768864	4440.67843197225	2553.7725172495	4683.56546209555
"PAM"	9218.89167467064	14731.8675942224	9655.31765704163	28283.6467165809
"SNCAIP"	2035.10145995217	4166.92458764107	845.926339921676	1380.43828877022
"PPIC"	48959.0635191713	66715.7672481116	34718.4249852678	58366.3744448008
"FBN2"	21827.8718727774	43579.6566329219	7754.2527398339	14987.2290292562
"C5orf56"	668.320505200004	1139.98922317914	858.894040584757	2580.42712802798
"CXCL14"	13996.7280706691	91468.9809294576	32376.4582455153	62145.888164839
"TGFBI"	95695.6337504617	140365.328296211	22694.7729304587	62352.5027845307
"IGIP"	693.218720099612	1274.91076074236	357.908538301046	1149.46299339428
"PCDHGA10"	200.496151560001	387.166151268387	619.856091695291	1209.01131173339
"C5orf46"	668.320505200004	1308.15229898258	498.824218839864	1277.58210254812
"PDGFRB"	10541.1179290761	15756.4891258619	13450.099127748	31987.3716678238
"CAMK2A"	117.938912682354	402.809228087311	70.0255835806395	184.960685750258
"GALNT10"	9408.90436732555	14387.719904206	3243.65419252543	5995.43296005103
"FAXDC2"	433.753112198434	1093.05999272236	774.171729585959	1744.04392953779
"SGCD"	2526.51359612864	6429.30457257806	3008.07429714611	9459.16014344244
"ADAM19"	19095.6203956362	30300.6397982572	4565.06289009342	6385.20377099792
"NIPAL4"	302.709875884708	570.972303890752	430.095405325533	1036.682087449
"EBF1"	453.409597645493	895.56614788344	1454.11150102019	3340.11931047538
"SLIT3"	2990.40665267923	8709.28301893634	1820.23291640786	4582.51377036858
"CREBRF"	2208.07853188629	4182.56766446	2105.09007430688	5869.11834539232
"ATXN1"	7102.54340820396	11063.5660801845	3124.78360311385	5554.2340559931
"FAM8A1"	3426.78062960394	5033.15996648903	2622.06907407506	3890.49013148835
"FAM65B"	3283.94350202198	6036.27226750258	3876.91024157257	7476.02069330066
"HIST1H2AC"	4434.5031168565	9956.81839524558	7144.33855198031	17198.6370330313
"HIST1H2BD"	2662.79856189492	5175.90304246172	3823.31041216516	11827.5591682933
"ZSCAN16-AS1"	10214.820270655	14745.5552864389	9966.11021626682	18552.0079043746
"C6orf15"	6421.11857937259	12588.7660700297	48.4127491421705	87.5179830135365
"PSORS1C1"	1078.48583486197	1904.54460270408	768.120135943188	2136.52148222737
"TNXB"	4717.55650729415	10756.5706976131	198.838076833915	316.688783894344
"ETV7"	108.765886140393	281.575382740645	278.373307567481	760.594429694962
"CDKN1A"	21821.3197109617	120917.073041083	19600.6795522475	152656.625298539
"PI16"	18013.2032636848	36794.4720627133	60.5159364277132	128.119109153837
"CUL7"	1446.71732890354	2248.69229272043	1973.68404092099	3738.91259389789
"CUL9"	737.773420446279	1212.33845346667	629.797995536986	1303.74727272743
"RUNX2"	2270.97928531688	4438.72304736989	1184.3833272281	2576.81813903774
"PTCHD4"	317.124631879218	1294.46460676602	360.069821744893	1028.56186222094
"EFHC1"	4167.17491477649	6282.65072740064	3584.70471996447	5311.52954639886
"DST"	58008.9094189972	80833.6440771911	37046.9917676685	66870.0547530748
"CD109"	9878.03915332868	18959.4091045368	4009.61304502477	10918.9961899981
"TMEM30A"	22110.925263215	31776.9551730432	15400.4413074755	28131.1669317428
"NT5E"	33516.9285519618	58157.0488435574	16706.7210209365	45308.1500308326
"CGA"	444.236571103532	885.789224871612	619.856091695291	1487.80571123012
"SLC35A1"	4186.83140022355	5864.1984224944	2429.28259088391	3987.0305869775
"PNRC1"	11174.0567604714	19551.8906390535	16315.960974289	38022.5035067676
"SIM1"	3962.74746612708	6046.0491905144	3933.96812449012	11357.4883523134
"PRDM1"	9871.486991513	15858.1691251849	5168.0609709267	8897.06010821117
"LAMA4"	11645.8124112009	19802.1798681563	12978.0748236119	23629.8554136549
"COL10A1"	1727.14985461491	3672.21228324258	1456.27278446404	3667.63506134047
"FAM26E"	1556.79364740707	2778.6015199615	815.23611501905	1844.1933740172
"RNF217"	4914.12136176473	6855.57841589376	2264.16053577401	3831.8440603968
"LAMA2"	1103.38404976157	3222.47382469849	3359.49898511562	5689.57114312744
"MOXD1"	3598.44726917492	5651.06150083655	19008.9201453222	48780.8996866996
"SLC2A12"	152.010154123922	662.875380201935	497.527448773556	1274.87536080543
"RP11-390P2.4"	2757.1496920408	3818.86612842	4000.10339787184	6264.30263982458
"HECA"	1955.1650858008	3136.43690219441	774.171729585959	1627.65403460227
"CCDC170"	290.915984616472	684.384610827956	171.173648752674	437.589915067683
"THBS2"	8167.92491943456	11947.3999204538	4220.55430914422	9119.01293111148
"FAM20C"	11231.7157844495	19984.0306361763	3385.00212975301	4889.27783453974
"FOXK1"	13131.8427109985	20641.0398625712	2704.19784494124	4298.30588738647
"CYTH3"	3374.36333507845	4923.65842875655	1695.31073335351	2792.45523120511
"AHR"	3826.46250036081	6536.85072570817	2097.7417105978	4903.71379050073
"OSBPL3"	5125.10097222983	8455.08302062881	2584.46274215212	5596.63967662853
"HOXA11-AS"	11444.0058272777	18849.9075668043	5050.48715158143	10829.6737124895
"INMT"	176.90836902353	631.589226564085	240.334718955775	526.010145328781
"FAM188B"	408.854897298826	715.670764465806	609.481931164825	1255.92816860663
"AQP1"	596.246725227454	1446.98460575054	1778.736274286	3627.93618244774
"SUGCT"	7976.60179441652	19536.2475622346	4695.172153413	18882.2303969824
"ELN"	19967.0579171225	28222.0659659426	11653.2080725337	20858.1518691437
"CD36"	3289.18523147453	5044.89227410322	2788.0556425625	5094.99020698393
"SEMA3C"	4151.44972641885	10535.6122375458	1521.54354446822	3981.61710349213
"HGF"	241.119554817256	455.604612351182	4128.48363443635	9053.14888203944
"TP53TG1"	16117.0076342252	34929.0351520565	13094.3518728908	30944.3738496419
"CROT"	4012.5438959263	6251.36457376279	2728.83647620109	4376.80139792439
"FZD1"	1559.41451213334	2579.15229052021	1064.64822443898	2309.75295375931
"SAMD9L"	1628.86742737962	2831.39690422537	1106.57712324961	4130.4878993399
"PDK4"	952.68432800079	2457.91844517355	38.9031019892442	111.878658697717
"ZKSCAN1"	13832.9240252769	19620.3291001363	9763.38182923398	16764.6561069538
"LRRC17"	3770.1139087459	9116.00301622838	7222.1447559588	18450.9562126476
"HBP1"	5573.26884042278	8286.91994482537	5700.60121149058	8680.52076879624
"LAMB1"	9664.43867813731	13392.4291416019	11529.5826595457	22171.8238615943
"CPA4"	2002.34065087374	4616.66304618516	267.134633659477	874.277582887803
"RP11-138A9.1"	845.228874223534	1450.89537495527	1011.04839503158	4107.93171815084
"KIAA1549"	3264.28701657492	5035.11535109139	2209.2639363003	3237.26312425329
"CHPF2"	6679.27375491063	10285.323008443	4143.61261854327	9230.8915898092
"ESYT2"	7415.73674299377	11634.5383840753	3073.34505715029	5037.24638313994
"LINC00685"	2547.48051393884	3977.25228121161	4477.31478227323	8223.98366152975
"LINC01546"	108.765886140393	283.53076734301	83.8577976212597	323.004514627279
"MXRA5"	3265.59744893806	6761.71995498021	3740.74938461021	10167.4242327788
"ARHGAP6"	1026.06854033648	1697.27383485333	820.423195284283	1969.60574142835
"CA5B"	1837.22617311844	2980.00613400516	1164.49951954471	1745.84842403292
"SRPX"	5290.21544998513	8969.34917105096	10295.0575564203	22654.5261390401
"TIMP1"	389954.531325297	714917.941393895	396524.621848948	886840.47356286
"PRAF2"	20172.795798135	29371.8321121335	17520.6603658893	36145.8292318382
"EDA2R"	2721.76801823609	4845.44304466193	1923.54226502374	4760.25647813834
"EFNB1"	3834.32509453963	6198.56918949892	2866.72635991853	5204.16212393896
"ATP7A"	1252.77333915922	2147.01229339742	904.280992905542	1682.69111670356
"XPNPEP2"	556.933754333337	1100.88153113183	161.664001599748	368.116877005391
"LDOC1"	8308.14118229024	11920.0245360206	15570.3181861618	25682.4679018589
"IDS"	9266.06723974358	14287.9952894854	6041.65173892962	14155.3570670039
"CTSB"	80198.4606240005	120414.539198275	64382.4725087553	153788.043346982
"PSD3"	4169.79577950277	7000.27687646881	3813.36850832347	6162.34870085005
"BMP1"	9477.04685020868	14628.232210297	4635.08847367406	9501.56576407787
"TNFRSF10B"	7499.60441423455	11585.6537690161	5761.98166129583	9812.84106448684
"TNFRSF10C"	877.989683301966	1865.43691065677	744.346018060872	1385.85177225559
"TNFRSF10D"	1970.89027415844	3635.05997579763	2256.37991537616	4689.88119282848
"CLU"	29915.8604180606	51137.2181210649	29570.6800787133	45258.5264322167
"DUSP4"	18380.1243253632	28272.9059656041	9509.64715292635	13918.9682881426
"C8orf4"	7363.31944846828	11376.427616563	9458.64086365157	24855.1071758444
"SFRP1"	8207.23789032868	14567.6152876236	127074.389107733	294768.687014819
"ANK1"	912.060924743535	2252.60306192516	807.023237932432	1726.90123183411
"PLAT"	19420.6076216942	32324.4628617056	7953.95533004536	19707.7866285018
"PCMTD1"	8528.29381929731	16216.0045074178	4923.835941772	9901.26129474794
"PLAG1"	2193.66377589178	3384.77074669484	2817.88135408759	4172.89351997532
"TRIM55"	448.167868192944	770.421533332042	1297.63457968568	3193.9552563703
"ADHFE1"	478.307812545101	1576.03998950667	191.489713124835	573.82924944958
"SULF1"	12519.8707974134	27344.0982794804	5784.02675242307	11696.7333173968
"SBSPON"	3209.24885732316	5641.28457782473	2054.94829840963	3513.35078200733
"LY96"	6663.54856655298	9698.70762773333	8802.47521009965	21652.1294469984
"STMN2"	35124.8290615312	59089.7672988858	19959.0203472373	54020.2494532935
"PAG1"	3333.7399318212	5592.39996276559	2777.68148203203	4572.58905064539
"RUNX1T1"	8208.54832269181	12041.2583813673	9851.9944504317	15553.8403007253
"TMEM67"	2481.95889578198	4559.95689271655	2016.90970979793	3567.48561686107
"TP53INP1"	2208.07853188629	5881.79688391569	1563.90469996762	4567.17556716002
"BAALC"	2432.16246598276	3721.09689830172	3896.36179256719	9622.46689525121
"TRPS1"	3780.597367651	6755.85380117311	2262.8637657077	5196.94414595846
"COL14A1"	1766.46282550903	3011.29228764301	2102.49653417426	3857.10698332854
"FBXO32"	2078.3457279357	3347.61843924989	1974.11629760976	4264.02049197911
"DENND3"	1162.35350610275	1953.42921776322	504.011299105097	1096.23040578811
"MINCR"	3559.13429828081	5072.26765853634	3029.68713158458	4591.5362428442
"PLEC"	40057.2964763798	55918.1334738488	16404.5735954867	34569.6032903469
"LURAP1L"	691.908287736475	1472.40460558129	1462.75663479558	4309.13285435722
"CDKN2A"	20465.0222151146	103003.794698812	21893.8012861691	75715.686768175
"CDKN2B"	2391.5390627255	9655.68916648128	2416.31489022083	7469.70496256772
"FAM214B"	6193.1033481867	9145.33378526386	2153.07056676028	4403.86881535126
"MAMDC2"	993.307731258045	1972.98306378688	2002.64523906854	5836.63744448008
"ALDH1A1"	7671.27105380553	13120.6306818731	9329.82837039829	22126.7114992162
"NTRK2"	4047.925569731	13695.5137549686	116.709305967733	198.494394463691
"CTSL"	47678.7711003862	69052.4518479384	39702.3446067788	74131.3406014557
"ASPN"	1311.7427955004	4069.15535752279	345.373094326734	855.330390688996
"SVEP1"	2054.75794539923	3308.51074720258	2996.40336654934	5918.74194400824
"GSN"	73040.8790565447	163184.666605818	52170.7887943315	142329.503302942
"DAB2IP"	2924.88503452237	4514.98304686215	2300.47009763064	3304.02942057289
"MIR181A2HG"	1420.50868164079	2366.01536886236	677.778487990387	1142.24501541379
"OLFML2A"	438.994841650983	1059.81845448215	2118.9222883475	4749.42951116759
"ZER1"	1319.60538967922	2420.7661377286	1087.99008563253	1991.25967536985
"ASS1"	14050.4557975577	25441.5090613787	37891.6213375238	97032.1802390803
"FIBCD1"	5957.225522822	8552.85225074709	4407.2891986926	6691.06558792151
"RALGDS"	2184.49074934982	3140.34767139914	2112.87069470473	3519.66651274027
"COL5A1"	28749.5756148684	48282.3566016111	15660.6598341146	35220.1235558393
"CLIC3"	27967.2474940755	47537.3550681098	2898.71335488746	9978.85455803829
"ABCA2"	1558.10407977021	3324.1538240215	622.881888516676	1181.04164705896
"DPP7"	17284.6028697805	26247.1275175533	10609.3081691557	21808.2182208267
"EXD3"	2776.80617748786	4251.00612554279	2442.250291547	4454.39466121474
"AKR1C1"	65250.3586576937	130183.640671694	10714.3465445266	18020.5842755605
"AKR1C2"	4991.43687118983	10785.9014666486	1250.95085729858	2173.51361937742
"AKR1C3"	12505.4560414189	32076.1290172051	4042.03229668247	7209.8577552698
"PFKFB3"	2833.15476910276	4743.76304533892	3448.97611969088	5210.47785467189
"SVIL"	15789.3995434409	29637.7644180552	14994.1200200322	24422.9307442621
"RP11-472N13.3"	106.145021414118	301.129228764301	225.637991537616	746.158473733966
"ZNF365"	1271.11939224314	2070.75229390516	577.494936195891	1107.05737275886
"ADAMTS14"	285.674255163923	668.741534009032	377.360089295668	786.759599874267
"C10orf105"	72.0737799725494	170.118460405806	338.456987306424	858.939379679245
"CHST3"	4405.67360486748	6265.05226597935	1930.02611535528	2962.97996099437
"ZSWIM8"	3378.29463216786	4908.01535193763	2148.74799987259	3752.44630261132
"ZNF503"	6520.71143897102	11875.0506901662	3003.31947356965	6759.63637873624
"ZCCHC24"	5076.61497479376	8204.79379152601	4827.44270017643	13449.7997194102
"ADIRF"	99704.2463492986	167650.765037621	111848.579502521	457734.389364005
"FAS"	7588.71381492789	13398.295295409	3875.18121481749	10906.3647285323
"CH25H"	239.809122454119	524.043073433978	1057.2998607299	1862.23831896845
"ANKRD1"	5524.7828429867	9203.99532333483	24086.2072116074	37494.6888669437
"PPP1R3C"	5174.89740202905	14892.2091316163	1425.58255956141	3520.56875998783
"UBTD1"	8787.75942719848	11890.6937669852	12190.0708799853	18146.8988902192
"SFXN3"	4143.58713224002	6937.70456919311	3265.69928365266	9333.74777603129
"SH3PXD2A"	18249.0810890495	28098.8767359935	13806.278639294	26778.6983076471
"OBFC1"	9508.49722692398	14939.1383620731	7993.29068872337	12831.7603548301
"PDCD4-AS1"	362.989764589022	874.056917257419	517.843513145717	1117.88433972961
"PDCD4"	4452.84916994042	8361.22455971526	4937.23589912385	11848.3108549872
"GRK5"	4582.58197389101	6851.66764668903	1646.89798421134	3214.70694306423
"FANK1"	554.312889607062	1051.99691607269	331.973136974884	833.676456747503
"CALY"	3040.20308247845	5023.3830434772	1447.62765068865	2148.25069644567
"PIDD1"	4321.80593362669	6579.86918696021	4269.39931497516	6929.25886127794
"TNNT3"	4818.45979925571	11810.5229982882	153.45112451313	281.501141239416
"IGF2"	112870.160301739	282975.438115939	5320.64758206229	9835.39724567589
"TRIM22"	6637.33991929023	13077.6122206211	3802.12983441546	8523.52974772041
"TPP1"	9855.76180315535	15072.104515034	7266.23493821327	12420.3356099417
"SBF2-AS1"	8352.69588263691	11327.5430015039	4425.44397962091	6894.97346587058
"FIBIN"	2027.23886577334	4563.86766192129	1958.12280012529	4468.83061717574
"PHF21A"	2432.16246598276	3615.50612977398	2705.92687169632	4648.37781944062
"DDB2"	17458.8903740777	26591.2752075697	18322.4965235565	33342.5470336623
"LRRN4CL"	157.251883576471	351.969228425806	2402.05041949144	8569.54435734608
"RARRES3"	3259.04528712237	5299.09227241075	1553.96279612592	3901.31709845909
"DNAJC4"	13239.2981647758	20408.3490948897	11366.1896311908	17817.578644859
"RP11-783K16.5"	12595.8758744754	18226.1398786497	3561.79511545969	8547.89042340459
"PPP2R5B"	2504.23624595531	3768.02612875849	1267.80886816059	2850.19905504909
"TM7SF2"	8047.36514202593	13724.8445240041	22471.7284790537	50700.8818295121
"CDC42EP2"	9631.67786905888	13204.7122197748	9079.55174760082	15320.1582636067
"NEAT1"	229076.681400025	553342.556315824	133224.105018855	495802.907480398
"MALAT1"	4076751.15042293	6960150.42904367	4748233.82324289	12340787.1768659
"RP11-658F2.8"	868.816656760005	1488.04768240021	525.624133543566	1032.17085121119
"RHOD"	18867.6051644503	29180.2044211017	7864.47819547009	14318.6638188126
"POLD4"	44234.9548500614	68168.6180076692	3000.29367674826	4932.58570242272
"INPPL1"	6896.80552719141	9622.44762824107	3427.36328525241	5283.55988172443
"ARAP1"	2378.43473909413	3433.65536175398	2475.96631327101	3706.43169298565
"LRRC32"	926.475680738045	1521.28922064043	1193.89297438103	1984.04169738935
"RAB38"	7704.03186288397	12191.8229957495	8582.02429882726	12488.9064007564
"ENDOD1"	6274.35015470121	10674.4445443138	1462.75663479558	2362.98554136549
"SESN3"	5469.74468373493	14813.9937475217	2866.29410322976	6168.66443158298
"CEP126"	1897.50606182276	3398.45843891139	2585.32725552966	5856.48688392645
"C11orf70"	1086.34842904079	1984.71537140107	1404.83423850048	2753.65859955993
"MMP10"	551.692024880787	1484.13691319548	320.30220637811	735.331506763219
"CARD16"	5709.55380618905	12064.7229965957	6196.83189019783	12234.4726769439
"HSPB2"	2101.93351047217	3226.38459390322	8063.31627230401	11007.4164202592
"IL18"	4147.51842932944	9419.08762959505	853.274703630756	1597.87987543271
"BCO2"	963.167786905888	2033.59998646021	249.412109419932	423.153959106687
"SIDT2"	1914.54168254354	3126.65997918258	1819.80065971909	2901.62714816014
"PHLDB1"	8587.26327563848	14329.058366135	6355.47009497619	9812.84106448684
"SIAE"	1261.94636570118	1974.93844838925	1047.79021357698	2051.71024095652
"ROBO4"	833.434982955299	1959.29537157032	117.141562656502	304.057322428472
"FEZ1"	4570.78808262277	6542.71687951526	8216.76739681714	15359.8571424994
"TSPAN9"	6413.25598519376	12320.8783795056	7635.38215042232	12931.0075520619
"ING4"	4899.70660577022	7579.07071876903	5251.05425517042	9466.37812142294
"C1RL"	1766.46282550903	2737.53844331183	1944.29058608467	3524.17774897808
"C1RL-AS1"	1493.89289397648	2444.23075295699	722.733183622403	1564.49672727291
"CD163L1"	1807.08622876628	3746.51689813247	1182.22204378425	2782.53051148192
"MFAP5"	70823.6274981165	176891.912668401	10986.6682584513	37390.930433474
"A2M"	52.4172945254905	121.233845346667	580.088476328508	1398.48323372146
"CLEC2B"	436.373976924708	872.101532655053	724.029953688711	1882.99000566238
"MGP"	17620.0735547436	66682.5257098713	6543.0694979021	10778.2456193784
"LYRM5"	9588.43360107535	13460.8676026847	5934.88433680358	10346.0691877961
"PPFIBP1"	25301.8280674543	37015.4305227806	13391.3122180754	18748.6978043432
"PTHLH"	17668.5595521797	42957.8443293696	813.939344952742	1660.13493551451
"TSPAN11"	521.55208052863	1886.94614128279	343.211810882887	648.715770997245
"TMEM117"	2525.2031637655	4067.19997292043	557.6111285125	1131.41804844304
"AMIGO2"	10619.7438708644	14391.6306734107	2483.74693366886	3736.2058521552
"METTL7A"	9940.93990675927	15304.7952827155	2333.75386266588	3760.56652783938
"LETMD1"	5591.6148935067	8343.62609829397	6299.70898212494	8903.37583894411
"ACVRL1"	2799.08352766119	4825.88919863828	2598.72721288151	6879.63526266202
"IGFBP6"	425113.43162827	707207.859906767	52800.5867898685	209416.999642679
"CSAD"	2720.45758587296	4125.86151099139	2546.42415354042	4779.20367033714
"CALCOCO1"	5847.14920431847	11857.4522287449	3186.1640529191	8061.57915696855
"DGKA"	2826.60260728707	5590.44457816322	1774.84596408707	4281.16318968279
"STAT2"	4767.35293709336	8038.58610032494	2820.04263753143	6325.65545265881
"LRP1"	19694.4879855899	32582.5736292178	17034.8038477125	37720.2506788342
"RP11-362K2.2"	266.017769716864	1100.88153113183	58.7869096726356	161.50225731364
"MON2"	2509.47797540786	3650.70305261656	1935.64545230928	3452.90021642066
"GNS"	6742.17450834122	11296.256847866	3996.64534436168	8415.26007801294
"MDM2"	14379.3743207052	25814.9875204305	9139.203170651	20953.7900773853
"CPM"	6155.10080965572	9403.44455277612	3675.04636791727	6317.53522743075
"LUM"	25342.4514707115	44305.1043203995	115552.154811897	335348.159221178
"DCN"	5931.01687555925	9937.26454922193	43866.2732896942	142344.841506151
"PLXNC1"	639.490993210984	1167.36460761226	901.687452772926	1507.65515067649
"NTN4"	4371.60236342591	6703.05841690924	3024.50005131935	7206.24876627955
"IGF1"	812.468065145103	4045.69074229441	938.861528007093	2141.03271846518
"ISCU"	78304.8858592671	107874.657743305	62245.8276961682	98946.7488984073
"SSH1"	3625.96634880081	5138.75073501677	2542.10158665272	4061.91710852517
"C12orf76"	6121.02956821415	8717.1045573458	6996.93902110995	10562.6085272111
"OAS1"	372.162791130983	711.759995261075	334.5666771075	1124.20007046254
"TPCN1"	1544.99975613883	2759.04767393785	2752.17833739464	5310.6272991513
"SDSL"	2995.64838213178	5191.54611928064	1130.35124113193	2469.45071657783
"VPS37B"	9141.57616524554	12952.4676060697	4767.35902043749	7134.06898647457
"ADGRD1"	387.88797948863	1192.78460744301	267.999147037015	803.000050330387
"GJB2"	997.239028347457	2352.3276766458	9.50964715292635	20.7516866939313
"TNFRSF19"	2466.23370742433	4262.73843315699	1672.40112884873	4231.53959106687
"SLC46A3"	1339.26187512628	2540.0445984729	819.990938595513	1558.18099653998
"MTUS2"	640.801425574121	1757.89075752667	118.006076034041	259.847207297923
"MEDAG"	874.058386212554	1503.69075921914	421.018014861376	932.021406731786
"FRY"	836.055847681573	2051.1984478815	798.810360845814	1799.98325888665
"NBEA"	3080.8264857357	5498.54150185204	2921.62295939224	5409.87449638314
"LINC00437"	1493.89289397648	4100.44151116064	31.9869949689341	58.6460710915451
"LHFP"	26979.18149227	36657.5951405477	12048.2906860689	20117.4068788951
"RGCC"	2803.0148247506	5303.00304161548	4029.92910939693	6710.01278012032
"DGKH"	4535.40640881807	6783.22918560623	2568.46924466765	3857.10698332854
"EPSTI1"	3374.36333507845	4806.33535261462	3289.47340153498	5730.17226926774
"MBNL2"	5452.70906301415	8324.07225227031	2322.08293206911	5336.7924693306
"ERCC5"	2527.82402849178	3732.82920591591	2626.82389765152	4406.57555709394
"COL4A1"	48552.8294865987	68589.0256971778	27504.9253630844	56426.542862542
"COL4A2"	70917.9786282624	96304.6470511076	33952.8983894572	58854.490205732
"LINC00346"	246.361284269805	455.604612351182	665.243044016075	1842.38887952208
"MMP14"	9968.45898638516	19911.6814058888	13699.5112371679	28024.7017565305
"SLC22A17"	3781.90780001414	5588.48919356085	3020.60974112043	4474.24410066111
"RP11-66N24.3"	229.325663549021	535.775381048172	226.070248226386	553.077562755648
"DHRS1"	5498.57419572395	8650.62148086537	7288.28002934051	13621.226696447
"ADCY4"	347.264576231375	1108.70306954129	248.547596042393	737.136001258344
"NFATC4"	2061.31010721491	3191.18767106064	4520.97270783894	10356.8961547669
"NYNRIN"	2136.00475191374	5668.65996225784	2452.62445207746	5212.28234916702
"CBLN3"	199.185719196864	422.363074110967	258.05724319532	857.134885184121
"ARHGAP5"	9141.57616524554	13224.2660657985	6843.48789659682	10874.7860748676
"NID2"	5957.225522822	10905.1799273929	6368.0055389505	10612.232125827
"LGALS3"	81840.4323750115	139516.691378785	116523.86784825	320316.720076791
"RHOJ"	821.641091687064	1531.06614365226	1936.07770899805	7536.47125888733
"DCAF5"	6029.29930279454	8527.43225091634	5822.49759772354	8711.19717521335
"SUSD6"	1797.91320222432	3826.68766682946	923.300287211395	1845.99786851233
"ZFYVE1"	1392.98960201491	2307.3538307914	1395.32459134756	2539.82600188768
"LTBP2"	10761.2705660832	17659.0783439636	4764.76548030487	9264.274737969
"PGF"	6801.14396468239	14604.7675950686	26515.4898024913	37972.8799081517
"VASH1"	1673.42212772628	3830.59843603419	695.501012229932	1093.52366404543
"DIO2"	8283.24296739064	15273.5091290776	1157.15115583563	2492.90914501445
"FLRT2"	5132.96356640866	9495.3476290873	3508.62754274106	5223.10931613776
"IFI27"	10066.7414136204	18038.4229568226	3269.15733716282	7531.05777540195
"ACTC1"	12711.1939224314	17445.9414223058	107718.799098018	198695.595599897
"LTK"	275.190796258825	613.990765142795	121.896386232965	384.357327461511
"FBN1"	24049.054728295	36037.7382215978	10947.3328997733	31764.5165976759
"FAM214A"	1866.05568510746	4053.51228070387	1314.49259054768	2636.36645737684
"ADAM10"	12222.4026509812	18482.2952615596	10812.0365561885	16401.9527134338
"VPS13C"	4332.28939253179	6091.02303636881	2927.67455303501	5334.98797483548
"RPS27L"	523684.153983455	726658.070546498	379342.418470365	633577.866677646
"IGDCC4"	407.544464935689	762.59999492258	865.810147605068	1544.64728782654
"ITGA11"	406.234032572551	1034.3984546514	3284.28632126975	7303.69146901627
"PAQR5"	3817.28947381885	5787.93842300215	1016.23547529681	1543.74504057898
"THSD4"	3969.29962794277	7936.90610100193	3700.11725586589	7969.5499377172
"HEXA"	12802.9241878511	17768.5798816961	13150.9774991196	20150.7900270549
"ISLR"	6885.01163592318	22005.8983150223	8410.85065007459	18699.9764529748
"TBC1D2B"	2446.57722197727	3562.7107455101	1788.67817812769	3274.25526140334
"STARD5"	753.498608803926	1282.73229915183	528.217673676182	1155.77872412722
"MFGE8"	106662.642197557	255124.895224446	53483.5523581241	82041.3422208338
"ABHD2"	7265.03702123298	9976.37224126924	2246.87026822324	3434.85527146942
"RHBDF1"	4983.57427701101	7420.68456597741	3557.90480526076	6908.50717458401
"LMF1"	1552.86235031766	2375.79229187419	2288.79916703387	4614.99467128082
"GLIS2"	3795.01212364551	5920.90457596301	2340.66996968619	3332.90133249489
"ABAT"	492.722568539611	981.603070387526	649.681803220378	1189.16187228702
"LINC01290"	532.035539433729	1314.01845278968	23.7741178823159	58.6460710915451
"EMP2"	108434.346752519	182783.486475328	22620.8570366792	36267.632610259
"C16orf45"	6427.67074118827	9595.07224380795	7329.77667146237	15502.4122076143
"ABCC6"	98.2824272352947	236.601536886236	642.333439511298	1437.27986536664
"ITPRIPL2"	7094.68081402514	10234.4830087815	5532.88561624806	9294.04889713855
"DCUN1D3"	1983.99459778982	3015.20305684774	1632.20125679318	2752.75635231237
"NUPR1"	29779.5754522943	68606.6241585991	15132.8744171272	47997.7490758156
"YPEL3"	11143.9168161193	17907.4121884641	9124.93869992161	14031.7491940878
"ORAI3"	4437.12398158277	11212.1753099643	5067.34516244344	16580.5976684511
"MMP2"	71693.7545872396	134184.357568134	24078.8588478983	56856.0125523816
"NDRG4"	1978.75286833727	3118.83844077312	1609.72390897717	2565.99117206699
"CDH11"	27452.2475753625	55802.7657823092	7161.62881953108	16773.6785794295
"CES2"	7882.25066427063	12422.5583788286	3914.94883018427	9695.54892230375
"TPPP3"	710.254340820396	1454.80614416	1199.9445680238	3101.92603711895
"C16orf86"	1230.49598898589	2633.90305938645	1193.89297438103	3055.00918024572
"NFAT5"	9906.8686653177	13947.7583686738	8337.3670129838	14082.2750399513
"MAF"	121.870209771765	305.039997969032	2737.04935328771	10436.2939125523
"CRISPLD2"	5337.39101505807	7891.93225514752	1150.66730550409	1683.59336395113
"MIR22HG"	5869.4265544918	10746.7937746013	4395.18601140705	10315.392781379
"SERPINF1"	10036.6014692683	16071.3060468428	23580.899142436	45113.2646253592
"SGSM2"	1600.0379153906	2489.2045988114	1744.58799587322	2662.53162755615
"CYB5D2"	6510.22798006592	9835.58454989892	8249.18664847484	12998.6760956291
"KCTD11"	2024.61800104707	3844.28612825075	1046.0611868219	2105.84507581025
"ZBTB4"	4572.09851498591	7037.42918391376	2877.96503382653	7048.35549795616
"KDM6B"	2677.21331788943	4202.12151048365	2159.55441709182	3315.7586347912
"ADPRM"	2630.03775281649	3910.76920473118	2186.35433179552	3655.90584712217
"PMP22"	35732.8696780269	49744.9842841806	28656.8894386548	42677.1970569411
"TOM1L2"	5655.82607930042	12754.9737612307	2242.54770133554	5622.80484680783
"TRIM16L"	4431.88225213022	6265.05226597935	2249.03155166708	3320.26987102901
"MFAP4"	23383.3550878213	47224.4935317314	32710.1604092453	62097.1668134706
"LGALS9"	1061.45021414118	1982.75998679871	228.663788359002	565.70902422152
"LYRM9"	2094.07091629335	3337.84151623806	1887.23270316711	4168.38228373751
"IFT20"	32054.4860347006	43235.5089429056	22355.8836864635	37068.8281660943
"CPD"	5246.9711820016	7663.15225667075	3621.01428182109	5441.45315004782
"CCL2"	22475.2254601672	39279.76589232	15416.4348049599	26367.2735627587
"CCL7"	35.3816738047061	58.6615380709677	1599.3497484467	4363.26768921095
"PLXDC1"	169.045774844707	475.158458374838	620.28834838406	2115.76979553343
"KRT31"	1158.42220901334	3269.40305515527	3.02579682138566	25.2629229317425
"KRT19"	19750.8365772048	27995.2413520681	55027.5732504083	102497.994064812
"KRT16"	2637.90034699531	5559.15842452537	64.838503315407	250.824734822301
"KRT17"	387.88797948863	1036.35383925376	17941.2461240619	49719.2368241644
"FKBP10"	45071.010697743	65020.4487978606	44875.1604012819	82241.6411097926
"ATP6V0A1"	3268.21831366433	4665.5476612443	3559.20157532707	5039.05087763507
"FAM134C"	3273.46004311688	4706.61073789397	2711.97846533909	3897.70810946884
"TUBG2"	2841.01736328158	4071.11074212516	4469.10190518662	7740.37913683639
"NBR1"	8892.59401624946	12727.5983767976	5120.94499185084	9491.64104435468
"MEOX1"	199.185719196864	336.326151606881	1668.51081864981	2833.05635734541
"GRN"	34089.5874946527	49447.765824621	37956.4598408392	68048.3896583911
"PLCD3"	5205.03734638121	8850.07071030666	3178.38343252125	7954.21173450864
"ACBD4"	1189.87258572863	1912.36614111355	1255.70568087505	2016.52259830159
"PLEKHM1"	2187.11161407609	3437.56613095871	1366.36339320001	2656.21589682321
"OSBPL7"	925.165248374907	1624.9246045658	489.746828375707	1034.87759295388
"SPATA20"	5288.90501762199	8441.39532841225	5822.06534103477	14909.6357659659
"ABCC3"	5345.25360923689	8427.70763619569	1168.38982974363	3065.83614721647
"TOB1"	7485.18965824004	12291.5476104701	3892.47148236826	9552.99385718891
"YPEL2"	2269.66885295374	4775.04919897677	1953.36797654883	4242.36655803762
"C17orf82"	347.264576231375	696.11691844215	376.927832606899	1094.42591129299
"MRC2"	17456.2695093515	29731.6228789688	10310.618797216	23652.4115948439
"FAM20A"	5172.27653730278	7868.46763991913	4657.56582149007	9247.13204026532
"FDXR"	13542.0080406605	22046.961391672	24698.7149395936	39369.558647378
"SMIM5"	1660.31780409491	3410.19074652559	53.1675727186337	97.4427027367211
"ITGB4"	3134.55421262433	7056.98302993741	352.721458035814	602.701161371571
"CYGB"	619.834507763925	1008.97845482064	2783.30081898604	4318.15532683284
"MFSD11"	9439.0443116777	14225.4229822097	5975.5164655479	8960.21741554053
"TIMP2"	43687.1941222701	70912.0226047881	20489.8315610461	54159.1955294181
"LGALS3BP"	4561.61505608081	6530.98457190107	8293.70908741809	15653.9897452047
"C1QTNF1"	1133.52399411373	2256.51383112989	655.733396863149	1698.02931991212
"METRNL"	6149.85908020317	8648.666096263	2651.89478560014	4102.51823466547
"COLEC12"	2991.71708504237	6871.22149271268	8536.63734650648	17050.6684844311
"PTPRM"	1913.2312501804	3056.26613349742	1247.9250604772	2519.07431519375
"GACAT2"	1035.24156687844	3064.08767190688	227.799274981463	963.600060396464
"SETBP1"	1876.53914401256	2886.14767309161	1888.96172992219	3448.38898018285
"PSTPIP2"	2753.21839495139	4440.67843197225	2254.21863193232	3422.22381000355
"TCF4"	41408.3522427744	60710.7811342468	38527.9031833924	67394.2604039085
"RNF152"	2939.29979051688	5013.60612046537	2750.44931063956	4005.97777917631
"TSHZ1"	10301.308806622	18009.0921877871	6354.60558159865	17793.2179691748
"PCED1A"	2930.12676397492	4872.81842909505	2746.55900044064	5537.09135828942
"SMOX"	4131.79324097179	6376.50918831419	4451.81163763584	6219.19027744647
"LAMP5"	3825.15206799767	10611.8722370381	1033.09348615882	1672.76639698038
"FOXS1"	153.32058648706	400.853843484946	417.99221803999	997.885455803829
"ASIP"	163.804045392158	600.303072926236	38.0385886117054	115.487647687966
"MAP1LC3A"	12436.0031261726	19710.2767918451	12641.3468630605	26919.4488782668
"PROCR"	8735.34213267299	13404.1614492161	17417.7832739622	33310.06613275
"TGM2"	28266.0260728708	75415.2733440361	3414.8278412781	6432.12062787115
"PI3"	1725.83942225177	3940.09997376666	3761.49770567114	6937.379086506
"SULF2"	12889.4127238181	25116.915217386	3850.54258355763	6353.62511733324
"FAM65C"	340.712414415688	768.466148729677	961.77113251187	1790.96078641103
"ATP9A"	4033.51081373649	6251.36457376279	1779.16853097477	3535.90696319639
"FAM210B"	17352.7453526636	24072.7398397228	20417.6446940216	39723.2395684224
"ATP5E"	577459.056437155	782190.993253681	459093.777548315	729278.329979324
"PALM"	2150.41950790825	4497.38458544086	529.51444374249	835.480951242627
"IZUMO4"	600.178022316866	1396.14460608903	348.39889114812	649.618018244807
"PIP5K1C"	4903.63790285964	7528.23071910752	4549.06939260895	7434.51731991279
"HSD11B1L"	2407.26425108315	3506.0045920415	4327.32171127026	7469.70496256772
"TNFSF9"	5857.63266322356	10093.6953174112	3332.26681372315	5532.58012205161
"C3"	399.681870756865	938.584609135483	886.990725354767	1591.56414469978
"EVI5L"	1113.86750866667	1914.32152571591	1168.38982974363	2024.64282352965
"RAB11B-AS1"	3086.06821518825	4599.06458476387	2345.85704995142	3968.98564202626
"MARCH2"	6079.09573259376	8791.40917223569	4152.69000900743	6383.39927650279
"JUNB"	21496.3324849037	32973.6505496909	25598.2411089227	86209.7245045713
"CPAMD8"	1474.23640852942	3228.33997850559	331.108623597345	752.474204466902
"JUND"	10881.8303434918	15427.9845126645	13923.4202019505	22244.0036413993
"PGPEP1"	4872.18752614434	6867.31072350795	4037.27747310601	5916.93744951312
"GDF15"	13884.0308874393	41295.7674173589	13291.0286662809	35488.0909883653
"COMP"	1720.59769279923	6712.83533992107	1735.94286209783	3124.48221830801
"CLIP3"	2905.22854907531	4663.59227664193	3681.96247493758	8307.89265555303
"COX7A1"	15744.8448430942	28153.6275048598	26097.0653277625	66849.3030663809
"DYRK1B"	2039.03275704158	4460.23227799591	2067.91599907271	4698.90366530411
"ITPKC"	1073.24410540942	1660.12152740839	1123.00287742285	1912.76416483193
"POU2F2"	5547.06019316003	8777.72148001913	9390.77656351477	21834.383391006
"LIPE-AS1"	1581.69186230668	2485.29382960666	1863.89084197357	3236.36087700573
"PHLDB3"	1495.20332633962	2571.33075211075	1097.06747609669	2076.0709166407
"ETHE1"	68664.0349636663	99286.6085697152	28200.8586320031	61879.7252268081
"KCNN4"	904.198330564711	1793.08768036925	522.166080033411	1135.02703743329
"ZNF226"	7259.79529178043	10680.3106981209	7708.43353082435	15820.0032387562
"FOSB"	1166.28480319216	2356.23844585054	11540.3890767649	40689.5463705615
"DMPK"	1763.84196078276	3124.70459458021	1699.6333002412	4122.36767411184
"IGFL2"	3240.69923403845	12989.6199135146	1694.0139632872	2961.17546649925
"AC006262.4"	359.05846749961	1034.3984546514	9.07739046415697	58.6460710915451
"AC006262.5"	3063.79086501492	10887.5814659716	0.43225668876938	0.902247247562232
"BBC3"	9719.47683738908	19188.1891030135	12660.3661573664	20567.6282554286
"HSD17B14"	3209.24885732316	5183.72458087118	4773.41061408026	8638.11514816081
"FCGRT"	15684.5649543899	28793.0382698333	18255.4967367972	39817.0732821689
"ZNF83"	4552.44202953885	7508.67687308386	4167.38673642559	5928.66666373143
"OSCAR"	220.15263700706	606.169226733333	386.005223071056	945.555115445219
"ZNF524"	6861.42385338671	10476.9506994748	3918.8391403832	8389.9971550812
"USP9Y"	3058.54913556237	4485.65227782666	2032.03869390485	3012.60355961029
"DGCR6"	9356.48707280005	17926.9660344877	1120.841593979	1778.32932494516
"MMP11"	3227.59491040708	10901.2691581882	1903.65845734035	6029.7183554584
"SLC2A11"	2429.54160125648	4188.43381826709	2197.59300570353	3512.44853475977
"MIAT"	23135.6833711884	57805.0796151316	4946.74554627678	7871.20498773291
"TTC28"	3143.72723916629	5134.83996581204	2569.76601473396	4695.29467631386
"SEC14L2"	2306.36095912158	3633.10459119527	808.32000799874	1735.02145706217
"PIK3IP1"	625.076237216474	1609.28152774688	1124.73190417793	3326.58560176195
"TIMP3"	88455.4949441284	131689.286815515	130701.454983197	277735.161228092
"C1QTNF6"	4515.74992337101	6476.23380303483	2184.62530504044	3479.06538659997
"CSDC2"	1100.7631850353	1926.05383333011	1178.33173358533	2769.89905001605
"MIRLET7BHG"	9622.50484251692	14460.0691344935	3805.58788792562	7784.58925196694
"PLXNB2"	9032.81027910515	16755.6906576707	5331.45399928153	12098.233342562
"DENND6B"	914.681789469809	2051.1984478815	539.456347584186	1099.83939477836
"ARSA"	3075.58475628316	4814.15689102408	1528.02739479976	3288.69121736434
"MIR99AHG"	646.04315502667	1081.32768510817	998.080694368498	1935.32034602099
"ADAMTS5"	1200.35604463373	2936.98767275312	1978.87112118622	4089.8867731996
"RUNX1"	9989.42590419535	14784.6629784862	2959.66154800394	6755.12514249843
"COL18A1"	11572.4281988652	19053.2675654503	15435.8863559545	21607.9193318679
